,sup_1,sup_2,sup_3,sup_4,sup_5
Init,0.0,0.0,0.0,0.0,0.0
Jan,745.3791667030916,375.0,333.33333333333337,416.6666666666667,333.33333333333337
Feb,745.3791667030916,375.0,333.33333333333337,416.6666666666667,333.33333333333337
Mar,666.04583336976,375.0,412.66666666666515,416.6666666666667,333.33333333333337
Apr,745.3791667030916,375.0,333.33333333333337,416.6666666666667,333.33333333333337
May,453.712500036425,375.0,625.0,416.6666666666667,333.33333333333337
Jun,745.3791667030916,375.0,333.33333333333337,416.6666666666667,333.33333333333337
Jul,745.3791667030927,375.0,333.33333333333337,416.6666666666667,333.33333333333337
Aug,745.3791667030916,375.0,333.33333333333337,416.6666666666667,333.33333333333337
Sep,745.3791667030916,375.0,333.33333333333337,416.6666666666667,333.33333333333337
Oct,745.3791667030916,375.0,333.33333333333337,416.6666666666667,333.33333333333337
Nov,745.3791667030916,375.0,333.33333333333337,416.6666666666667,333.33333333333337
Dec,745.37916670309,375.0,333.33333333333337,416.6666666666667,333.33333333333337
