,sup_1,sup_2,sup_3,sup_4,sup_5
Init,0.0,0.0,0.0,0.0,0.0
Jan,2971.6666662266653,1250.0,2916.666666666667,2104.166666666667,437.5
Feb,2971.6666662266653,1250.0,2916.666666666667,2104.166666666667,437.5
Mar,2971.6666662266653,1250.0,2916.666666666667,2104.166666666667,437.5
Apr,2971.6666662266653,1250.0,2916.666666666667,2104.166666666667,437.5
May,2971.6666662266653,1250.0,2916.666666666667,2104.166666666667,437.5
Jun,2741.6666688666737,1250.0,2916.666666666667,2104.166666666667,667.4999973599915
Jul,0.0,1250.0,2916.666666666667,2104.166666666667,3409.1666662266653
Aug,0.0,1250.0,2916.666666666667,2104.166666666667,3409.1666662266653
Sep,0.0,1250.0,2916.666666666667,2104.166666666667,3409.1666662266653
Oct,0.0,1250.0,2916.666666666667,2104.166666666667,3409.1666662266653
Nov,0.0,1250.0,2916.666666666667,2104.166666666667,3409.1666662266653
Dec,0.0,1250.0,2916.666666666667,2104.166666666667,3409.1666662266653
